id,user_id,name,email,phone,address,location,problem,created_at,booking_type,age,gender,appointmentDate,appointmentTime,doctor_id,appointment_status,doctor_status,password,cpassword
1,1,Revathi,revathi@gmail.com,478748947988,ghghj,Chennai,c,"2023-11-17 13:19:24",SMS,21,Female,2023-11-16,16:16:00,4,accepted,,admin,admin
1,1,Revathi,revathi@gmail.com,478748947988,ghghj,Chennai,c,"2023-11-17 13:19:24",SMS,21,Female,0000-00-00,00:00:00,1,,,admin,admin
1,1,Revathi,revathi@gmail.com,478748947988,ghghj,Chennai,c,"2023-11-17 13:19:24",SMS,21,Female,2023-12-02,00:00:00,1,,,admin,admin
2,2,Tamil,tamil@123gmail.com,77847874844,Maduravoyal,Chennai,FJHIUYG8UIYHJDHIDHIDU,"2023-11-17 13:19:24",SMS,25,Male,0000-00-00,00:00:00,1,,,12345,12345
2,2,Tamil,tamil@123gmail.com,77847874844,Maduravoyal,Chennai,FJHIUYG8UIYHJDHIDHIDU,"2023-11-17 13:19:24",SMS,25,Male,2023-11-07,18:04:00,2,,,12345,12345
1,1,Revathi,revathi@gmail.com,478748947988,ghghj,Chennai,iuh,"2023-11-17 13:19:24",SMS,21,Female,2023-11-07,17:58:00,,,,admin,admin
1,1,Revathi,revathi@gmail.com,478748947988,Villivakkam,Chennai,DIHDI,"2023-11-17 13:19:24",SMS,21,Female,0000-00-00,00:00:00,3,accepted,,admin,admin
2,2,Tamil,tamil@123gmail.com,77847874844,ghghj,ss,ss,"2023-11-17 13:19:24",SMS,25,Male,0000-00-00,00:00:00,,,,12345,12345
1,1,Revathi,revathi@gmail.com,478748947988,t.nagar,Chennai,bhbhb,"2023-11-17 13:19:24",SMS,21,Female,0000-00-00,00:00:00,3,,,admin,admin
1,1,Revathi,revathi@gmail.com,478748947988,t.nagar,Chennai,bhbhb,"2023-11-17 13:19:24",SMS,21,Female,2023-11-15,17:52:00,3,,,admin,admin
1,1,Revathi,revathi@gmail.com,478748947988,ghghj,Chennai,hjgdhj,"2023-11-17 13:19:24",SMS,21,Female,2023-11-15,19:02:00,,,,admin,admin
1,1,Revathi,revathi@gmail.com,478748947988,ghghj,Chennai,aa,"2023-11-17 13:19:24",SMS,21,Female,0000-00-00,00:00:00,,,,admin,admin
1,1,Revathi,revathi@gmail.com,478748947988,jkhj,Chennai,d,"2023-11-17 13:19:24",SMS,21,Female,0000-00-00,00:00:00,,,,admin,admin
2,2,Tamil,tamil@123gmail.com,77847874844,dn,chennai,dbhd,"2023-11-17 13:19:24",SMS,25,Male,2023-11-16,00:00:00,,,,12345,12345
2,2,Tamil,tamil@123gmail.com,77847874844,"No 5,Ayyavoo nagar Annex,Maduravoyal,Chennai ",Chennai,"Severe pain in the teeth and canâ€™t Chew the food also","2023-11-17 13:19:24",SMS,25,Male,2023-11-23,00:00:00,,,,12345,12345
7,7,Sharmila,sharmila@gmail.com,787978221,Maduravoyal,"Chennai ",problem,"2023-11-22 17:10:37",SMS,22,Female,2023-11-08,19:15:00,2,,,12345,12345
8,8,TESTING,test@gmail.com,37698728,djh,Chennai,ss,"2023-11-22 17:59:22",SMS,22,male,0000-00-00,00:00:00,2,,,test,test
9,9,demo1,demo@gmail.com,488872872,demo1,Chennai,d,"2023-11-22 23:19:52","Video Call",25,Female,2023-11-24,06:00:00,2,,,123,123
9,9,demo1,demo@gmail.com,488872872,t.nagar,Chennai,3dd,"2023-11-22 23:19:52","Video Call",25,Female,0000-00-00,00:00:00,,,,123,123
9,9,demo1,demo@gmail.com,488872872,b,Chennai,k,"2023-11-22 23:19:52","Video Call",25,Female,2023-11-15,17:56:00,3,accepted,,123,123
8,8,TESTING,test@gmail.com,37698728,sjijsijs,Chennai,ee,"2023-11-22 17:59:22",SMS,22,male,2023-11-30,17:37:00,4,accepted,,test,test
8,8,TESTING,test@gmail.com,37698728,ss,Chennai,ss,"2023-11-22 17:59:22",SMS,22,male,0000-00-00,00:00:00,3,accepted,,test,test
9,9,demo1,demo@gmail.com,488872872,T.nagar,Chennai,ss,"2023-11-22 23:19:52","Video Call",25,Female,2023-11-30,13:00:00,4,accepted,,123,123
9,9,demo1,demo@gmail.com,488872872,ssss,Chennai,sssss,"2023-11-22 23:19:52","Video Call",25,Female,2023-11-17,17:17:00,4,completed,,123,123
