id,name,email,phone,age,gender,password,cpassword,booking_type,created_at
1,Revathi,revathi@gmail.com,478748947988,21,Female,admin,admin,SMS,"2023-11-17 13:19:24"
2,Tamil,tamil@123gmail.com,77847874844,25,Male,12345,12345,SMS,"2023-11-17 13:19:24"
4,Kalai,kalai@gmail.com,3231345,23,Female,12345,12345,,"2023-11-21 15:51:41"
5,Pavithra,pavithra@gmail.com,378783876,22,Female,67890,67890,,"2023-11-22 13:12:39"
6,Pavithra,pavithra12@gmail.com,378783876,22,Female,12345,12345,,"2023-11-22 13:14:29"
7,Sharmila,sharmila@gmail.com,787978221,22,Female,12345,12345,SMS,"2023-11-22 17:10:37"
8,TESTING,test@gmail.com,37698728,22,male,test,test,SMS,"2023-11-22 17:59:22"
9,demo1,demo@gmail.com,488872872,25,Female,123,123,"Video Call","2023-11-22 23:19:52"
